,AP,BLESS,Battig,ESSLI_1a,ESSLI_2b,ESSLI_2c,MEN,MTurk,RG65,RW,SimLex999,WS353,WS353R,WS353S,Google,MSR,SemEval2012_2
0,0.370646766169,0.495,0.22041674632,0.613636363636,0.725,0.533333333333,0.37253859209,0.54679619341,0.29286096895,0.0462341965816,0.110059403586,0.347626525399,0.433553739317,0.336611079766,0.266168645108,0.251125,0.0970280178507
