,AP,BLESS,Battig,ESSLI_1a,ESSLI_2b,ESSLI_2c,MEN,MTurk,RG65,RW,SimLex999,WS353,WS353R,WS353S,Google,MSR,SemEval2012_2
0,0.378109452736,0.43,0.221181418467,0.568181818182,0.675,0.488888888889,0.351689329577,0.42492309406,0.300291769655,0.0345432324586,0.111587124966,0.376456169974,0.455254494842,0.362049537218,0.257777322964,0.227875,0.0977892311352
