,AP,BLESS,Battig,ESSLI_1a,ESSLI_2b,ESSLI_2c,MEN,MTurk,RG65,RW,SimLex999,WS353,WS353R,WS353S,Google,MSR,SemEval2012_2
0,0.353233830846,0.455,0.223857770981,0.613636363636,0.7,0.511111111111,0.383394053595,0.458036582131,0.233851669236,0.0479559999115,0.187170479718,0.310698624674,0.376648544417,0.274695889894,0.28817028244,0.2395,0.120887988736
