,AP,BLESS,Battig,ESSLI_1a,ESSLI_2b,ESSLI_2c,MEN,MTurk,RG65,RW,SimLex999,WS353,WS353R,WS353S,Google,MSR,SemEval2012_2
0,0.514925373134,0.715,0.312559740011,0.704545454545,0.55,0.644444444444,0.684443393569,0.509059975493,0.741528344441,0.243153545221,0.370982314198,0.61966221079,0.538706998576,0.719277495104,0.636563651248,0.37025,0.143182449705
