,AP,BLESS,Battig,ESSLI_1a,ESSLI_2b,ESSLI_2c,MEN,MTurk,RG65,RW,SimLex999,WS353,WS353R,WS353S,Google,MSR,SemEval2012_2
0,0.572139303483,0.78,0.410820110877,0.795454545455,0.75,0.533333333333,0.713297206016,0.660928783939,0.734184964921,0.25640644886,0.301537650123,0.56100659933,0.474646332272,0.700095183878,0.654420794106,0.3775,0.161609100597
