,AP,BLESS,Battig,ESSLI_1a,ESSLI_2b,ESSLI_2c,MEN,MTurk,RG65,RW,SimLex999,WS353,WS353R,WS353S,Google,MSR,SemEval2012_2
0,0.624378109453,0.795,0.437010131906,0.795454545455,0.75,0.555555555556,0.741200662271,0.678449823531,0.791030590312,0.290981912289,0.345539368298,0.612752066267,0.524693013081,0.756830152695,0.713671715104,0.44125,0.183675384432
