,AP,BLESS,Battig,ESSLI_1a,ESSLI_2b,ESSLI_2c,MEN,MTurk,RG65,RW,SimLex999,WS353,WS353R,WS353S,Google,MSR,SemEval2012_2
0,0.375621890547,0.48,0.234563181036,0.613636363636,0.625,0.555555555556,0.418615579912,0.491036608734,0.446918951796,0.128550735044,0.100513139819,0.414501386696,0.440646969668,0.424002025829,0.299426934097,0.220375,0.105864364293
