,AP,BLESS,Battig,ESSLI_1a,ESSLI_2b,ESSLI_2c,MEN,MTurk,RG65,RW,SimLex999,WS353,WS353R,WS353S,Google,MSR,SemEval2012_2
0,0.363184079602,0.53,0.237048365513,0.613636363636,0.7,0.488888888889,0.418910806524,0.533782137737,0.0798373969832,0.0400109223653,0.0867855715146,0.314645992557,0.385820850901,0.324276673609,0.300603765862,0.274375,0.0844618219868
