,AP,BLESS,Battig,ESSLI_1a,ESSLI_2b,ESSLI_2c,MEN,MTurk,RG65,RW,SimLex999,WS353,WS353R,WS353S,Google,MSR,SemEval2012_2
0,0.460199004975,0.58,0.287899063277,0.704545454545,0.725,0.533333333333,0.541353145387,0.594710184147,0.458961219997,0.0202232329812,0.145964803547,0.456910424206,0.449140623708,0.513792285023,0.445251739664,0.323875,0.138690858091
