,AP,BLESS,Battig,ESSLI_1a,ESSLI_2b,ESSLI_2c,MEN,MTurk,RG65,RW,SimLex999,WS353,WS353R,WS353S,Google,MSR,SemEval2012_2
0,0.407960199005,0.62,0.281972854139,0.795454545455,0.6,0.466666666667,0.586427150465,0.588400254363,0.526887480556,0.160694331588,0.162221713759,0.477477986906,0.454123282453,0.534445027316,0.427906262792,0.303,0.107695018492
