,AP,BLESS,Battig,ESSLI_1a,ESSLI_2b,ESSLI_2c,MEN,MTurk,RG65,RW,SimLex999,WS353,WS353R,WS353S,Google,MSR,SemEval2012_2
0,0.370646766169,0.48,0.239724718027,0.636363636364,0.625,0.466666666667,0.353429225104,0.49214533287,0.298805609514,0.0487719178625,0.0843554387197,0.364153553713,0.444343188338,0.347746187999,0.313190749079,0.26475,0.11229292681
