,AP,BLESS,Battig,ESSLI_1a,ESSLI_2b,ESSLI_2c,MEN,MTurk,RG65,RW,SimLex999,WS353,WS353R,WS353S,Google,MSR,SemEval2012_2
0,0.335820895522,0.435,0.204549799274,0.522727272727,0.525,0.577777777778,0.424776595141,0.402342739111,0.377703228761,0.155992492856,0.169591659979,0.517631794849,0.531201327514,0.500589965896,0.296356938191,0.24975,0.106819336675
