,AP,BLESS,Battig,ESSLI_1a,ESSLI_2b,ESSLI_2c,MEN,MTurk,RG65,RW,SimLex999,WS353,WS353R,WS353S,Google,MSR,SemEval2012_2
0,0.398009950249,0.57,0.223093098834,0.522727272727,0.675,0.555555555556,0.583829685972,0.454385762706,0.746423930788,0.201575965051,0.328489025905,0.537149972618,0.43752854294,0.647498223268,0.593993041343,0.340125,0.151017102014
