,AP,BLESS,Battig,ESSLI_1a,ESSLI_2b,ESSLI_2c,MEN,MTurk,RG65,RW,SimLex999,WS353,WS353R,WS353S,Google,MSR,SemEval2012_2
0,0.480099502488,0.62,0.28713439113,0.636363636364,0.6,0.622222222222,0.0384993410076,-0.0578044293734,0.221656413962,-0.0418575285285,-0.0381514226674,0.0123014567953,-0.0545495960166,0.0370161295721,0.000511665984445,0.0005,-0.0023897184347
