,AP,BLESS,Battig,ESSLI_1a,ESSLI_2b,ESSLI_2c,MEN,MTurk,RG65,RW,SimLex999,WS353,WS353R,WS353S,Google,MSR,SemEval2012_2
0,0.641791044776,0.835,0.430701586695,0.795454545455,0.75,0.555555555556,0.740830651219,0.679712367911,0.790309365538,0.29124578772,0.344939684264,0.613810181294,0.5274852367,0.754785177587,0.712801882931,0.440875,0.18625250917
