,AP,BLESS,Battig,ESSLI_1a,ESSLI_2b,ESSLI_2c,MEN,MTurk,RG65,RW,SimLex999,WS353,WS353R,WS353S,Google,MSR,SemEval2012_2
0,0.268656716418,0.31,0.146817052189,0.454545454545,0.7,0.488888888889,0.20164599911,0.318258400236,-0.0403448767673,0.0455927629276,0.0416186623157,0.259741458207,0.271235072563,0.263441712608,0.0,0.0,0.0121316726749
