,AP,BLESS,Battig,ESSLI_1a,ESSLI_2b,ESSLI_2c,MEN,MTurk,RG65,RW,SimLex999,WS353,WS353R,WS353S,Google,MSR,SemEval2012_2
0,0.1592039801,0.215,0.0904224813611,0.409090909091,0.45,0.311111111111,-0.00534496342842,0.0180289509926,-0.0161292085885,-0.0243517959761,0.0242654989247,-0.0669028930929,-0.0797197278198,-0.0764703055811,0.0,0.0,0.0367961944172
