,AP,BLESS,Battig,MEN,MTurk,RG65,RW,SimLex999,WS353,WS353R,WS353S,Google,MSR,SemEval2012_2
0,0.589552238806,0.795,0.434333779392,0.735816101389,0.693723716883,0.762290875822,0.302103945158,0.338376049054,0.608932648866,0.519305037601,0.746226551496,0.659639787147,0.440125,0.183686351195
