,AP,BLESS,Battig,MEN,MTurk,RG65,RW,SimLex999,WS353,WS353R,WS353S,Google,MSR,SemEval2012_2
0,0.572139303483,0.795,0.418084496272,0.748816914635,0.679396097244,0.773240379214,0.208220854107,0.333596791703,0.649213768447,0.611024727931,0.696934463298,0.647973802702,0.401625,0.188393458962
