,AP,BLESS,Battig,MEN,MTurk,RG65,RW,SimLex999,WS353,WS353R,WS353S,Google,MSR,SemEval2012_2
0,0.587064676617,0.775,0.430510418658,0.743244535733,0.678085579224,0.791576972717,0.272940041877,0.338061456565,0.65405925199,0.602987758242,0.710620997837,0.635335652886,0.3955,0.182736538421
