,AP,BLESS,Battig,MEN,MTurk,RG65,RW,SimLex999,WS353,WS353R,WS353S,Google,MSR,SemEval2012_2
0,0.59,0.795,0.552343939762,0.735815854427,0.699277845045,0.762290875822,0.442612187489,0.336979811032,0.692024306957,0.629907402965,0.770065873398,,,0.182875511962
