,AP,BLESS,Battig,MEN,MTurk,RG65,RW,SimLex999,WS353,WS353R,WS353S,Google,MSR,SemEval2012_2
0,0.612068965517,0.782828282828,0.528532608696,0.736689537339,0.697925039861,0.769401613682,0.522273091873,0.340139016161,0.695962454851,0.629907402965,0.775956953873,,,0.171186635051
