,AP,BLESS,Battig,MEN,MTurk,RG65,RW,SimLex999,WS353,WS353R,WS353S,Google,MSR,SemEval2012_2
0,0.5,0.61,0.415350983726,0.546524008446,0.512395377815,0.73809706294,0.198010151444,0.204202197732,0.444419919555,0.338491920666,0.568869228574,,,0.122579054995
