,AP,BLESS,Battig,MEN,MTurk,RG65,RW,SimLex999,WS353,WS353R,WS353S,Google,MSR,SemEval2012_2
0,0.6025,0.82,0.49939276172,0.713986380466,0.628330513584,0.674039189806,0.241726652221,0.325447427837,0.646349145655,0.566744326496,0.726191823884,,,0.161186559137
