,AP,BLESS,Battig,MEN,MTurk,RG65,RW,SimLex999,WS353,WS353R,WS353S,Google,MSR,SemEval2012_2
0,0.609195402299,0.80303030303,0.535597826087,0.713887889888,0.62574592397,0.678481074224,0.442857515338,0.324842554875,0.650645883039,0.566744326496,0.733346619916,,,0.163696633075
