,AP,BLESS,Battig,MEN,MTurk,RG65,RW,SimLex999,WS353,WS353R,WS353S,Google,MSR,SemEval2012_2
0,0.6075,0.765,0.514695166383,0.691481699207,0.641661635027,0.748587605111,0.379647586342,0.325580551374,0.659138088676,0.546197955839,0.756484880722,,,0.180422893173
