,AP,BLESS,Battig,MEN,MTurk,RG65,RW,SimLex999,WS353,WS353R,WS353S,Google,MSR,SemEval2012_2
0,0.632183908046,0.777777777778,0.527445652174,0.741919173038,0.685372320983,0.767089104368,0.498892816424,0.332014328267,0.680902103518,0.623092735783,0.758653619547,,,0.179456213221
