,AP,BLESS,Battig,ESSLI_1a,ESSLI_2b,ESSLI_2c,MEN,MTurk,RG65,RW,SimLex999,WS353,WS353R,WS353S,Google,MSR,SemEval2012_2
0,0.626865671642,0.815,0.431848594915,0.795454545455,0.75,0.555555555556,0.741119158076,0.680635797034,0.791839236272,0.291424160444,0.345188047072,0.61270609685,0.525899964583,0.755211961238,0.7138252149,0.44175,0.186337122981
