,AP,BLESS,Battig,ESSLI_1a,ESSLI_2b,ESSLI_2c,MEN,MTurk,RG65,RW,SimLex999,WS353,WS353R,WS353S,Google,MSR,SemEval2012_2
0,0.542288557214,0.8,0.398967692602,0.772727272727,0.8,0.6,0.656601650353,0.630195448392,0.675875034686,0.23798250983,0.265804158463,0.482731868355,0.383880504825,0.620908525883,0.60954768727,0.304,0.141954080541
