,AP,BLESS,Battig,ESSLI_1a,ESSLI_2b,ESSLI_2c,MEN,MTurk,RG65,RW,SimLex999,WS353,WS353R,WS353S,Google,MSR,SemEval2012_2
0,0.393034825871,0.54,0.235901357293,0.522727272727,0.525,0.577777777778,0.581032008879,0.456350397507,0.664007608854,0.198063558473,0.29547375562,0.503024705818,0.406306031164,0.609246931599,0.559660253786,0.2965,0.104246236289
