,AP,BLESS,Battig,ESSLI_1a,ESSLI_2b,ESSLI_2c,MEN,MTurk,RG65,RW,SimLex999,WS353,WS353R,WS353S,Google,MSR,SemEval2012_2
0,0.614427860697,0.8,0.426304721851,0.795454545455,0.75,0.533333333333,0.741100624848,0.679726836152,0.790112667872,0.290877399966,0.343999361212,0.613318431304,0.526513001459,0.756715387344,0.712648383135,0.4405,0.184792963906
