,AP,BLESS,Battig,ESSLI_1a,ESSLI_2b,ESSLI_2c,MEN,MTurk,RG65,RW,SimLex999,WS353,WS353R,WS353S,Google,MSR,SemEval2012_2
0,0.544776119403,0.7,0.310265723571,0.613636363636,0.575,0.644444444444,0.663766979422,0.514335045318,0.761045123939,0.235587629113,0.342558900255,0.598085094227,0.513095180265,0.70826073864,0.631139991813,0.3725,0.149198948002
