,AP,BLESS,Battig,ESSLI_1a,ESSLI_2b,ESSLI_2c,MEN,MTurk,RG65,RW,SimLex999,WS353,WS353R,WS353S,Google,MSR,SemEval2012_2
0,0.465174129353,0.67,0.366851462435,0.659090909091,0.575,0.466666666667,0.61445459868,0.509456456057,0.630765703349,0.222103474327,0.24870827677,0.501266546144,0.443418196305,0.612945245053,0.59573270569,0.306625,0.108562020429
