,AP,BLESS,Battig,ESSLI_1a,ESSLI_2b,ESSLI_2c,MEN,MTurk,RG65,RW,SimLex999,WS353,WS353R,WS353S,Google,MSR,SemEval2012_2
0,0.534825870647,0.7,0.318677117186,0.659090909091,0.625,0.6,0.702101270328,0.506190948728,0.779141309185,0.268323347351,0.391290416663,0.618833533622,0.535057273223,0.740236517429,0.680464592714,0.424875,0.165970325949
