,AP,BLESS,Battig,ESSLI_1a,ESSLI_2b,ESSLI_2c,MEN,MTurk,RG65,RW,SimLex999,WS353,WS353R,WS353S,Google,MSR,SemEval2012_2
0,0.345771144279,0.475,0.224813611164,0.704545454545,0.65,0.511111111111,0.407218344795,0.550450820267,0.246637017508,0.0610001727198,0.125567957522,0.394717077379,0.381219137396,0.445065054254,0.276043798608,0.251375,0.112780001095
