,AP,BLESS,Battig,ESSLI_1a,ESSLI_2b,ESSLI_2c,MEN,MTurk,RG65,RW,SimLex999,WS353,WS353R,WS353S,Google,MSR,SemEval2012_2
0,0.390547263682,0.49,0.223284266871,0.659090909091,0.7,0.555555555556,0.361147883143,0.521074707237,0.211646688307,0.0327669418383,0.164233513289,0.415680495411,0.407757447524,0.465526281867,0.2829001228,0.237,0.0923717393587
