,AP,BLESS,Battig,ESSLI_1a,ESSLI_2b,ESSLI_2c,MEN,MTurk,RG65,RW,SimLex999,WS353,WS353R,WS353S,Google,MSR,SemEval2012_2
0,0.171641791045,0.23,0.0938635060218,0.431818181818,0.55,0.355555555556,0.0203605534661,0.0128924716846,-0.172241589276,-0.013052887962,-0.0602569643704,-0.0467796104816,-0.0844740443886,0.0277093768457,0.000102333196889,0.000375,0.000337370024243
