,AP,BLESS,Battig,ESSLI_1a,ESSLI_2b,ESSLI_2c,MEN,MTurk,RG65,RW,SimLex999,WS353,WS353R,WS353S,Google,MSR,SemEval2012_2
0,0.594527363184,0.745,0.411775951061,0.75,0.725,0.555555555556,0.714758211816,0.660339393498,0.727781363138,0.252840110273,0.309293010357,0.586869647847,0.493497872371,0.723416220594,0.650634465821,0.3845,0.161301818662
