,AP,BLESS,Battig,ESSLI_1a,ESSLI_2b,ESSLI_2c,MEN,MTurk,RG65,RW,SimLex999,WS353,WS353R,WS353S,Google,MSR,SemEval2012_2
0,0.562189054726,0.735,0.380806729115,0.681818181818,0.675,0.555555555556,0.635968571872,0.563374005234,0.621324215395,0.223028120285,0.262758393551,0.427450166537,0.312505764917,0.569299264579,0.617529676627,0.32775,0.156417519839
