,AP,BLESS,Battig,ESSLI_1a,ESSLI_2b,ESSLI_2c,MEN,MTurk,RG65,RW,SimLex999,WS353,WS353R,WS353S,Google,MSR,SemEval2012_2
0,0.373134328358,0.48,0.223093098834,0.613636363636,0.7,0.6,0.398283794685,0.462687486972,0.144004546598,-0.0204326621926,0.0777113228623,0.422734822941,0.430315329837,0.464551493662,0.256344658207,0.255,0.11420241949
