,AP,BLESS,Battig,ESSLI_1a,ESSLI_2b,ESSLI_2c,MEN,MTurk,RG65,RW,SimLex999,WS353,WS353R,WS353S,Google,MSR,SemEval2012_2
0,0.36815920398,0.455,0.228063467788,0.613636363636,0.65,0.533333333333,0.387465977101,0.455373410511,0.278217920503,0.0225001010732,0.135981983573,0.388953985746,0.485638252188,0.381596228436,0.304697093737,0.228375,0.0834938272316
