,AP,BLESS,Battig,MEN,MTurk,RG65,RW,SimLex999,WS353,WS353R,WS353S,Google,MSR,SemEval2012_2,nsubs
0,0.4502487562189055,0.55,0.321926973809979,0.46533238544904115,0.439177357180015,0.6060255080614195,0.18523191126785613,0.2556557672952402,0.4297332249436564,0.3631144899318626,0.4870680505596937,0.2021592304543594,0.083,0.0967015539550322,2
0,0.48009950248756217,0.535,0.32517683043395146,0.5175823073105738,0.49710286288422084,0.587426651003456,0.20790139305673574,0.23429058977332462,0.460241683569721,0.37163176557676764,0.5496146741766882,0.2339336880884159,0.09275,0.08052019538363109,2
0,0.44029850746268656,0.5700000000000001,0.32670617472758556,0.49982067536713976,0.4586975522887125,0.56321098282458,0.23149803752373205,0.2361296444812364,0.4200321636684459,0.3606919631691522,0.4947042775236099,0.20205689725747034,0.0745,0.08569306497861892,2
0,0.42786069651741293,0.5700000000000001,0.3265150066908813,0.4929222732535406,0.4204209328875674,0.5191944162972729,0.20156966680524113,0.21809709274991046,0.4822843914032701,0.459422020761382,0.4864397080065855,0.2070712239050348,0.0835,0.12035138793275683,2
0,0.48507462686567165,0.59,0.33760275281972857,0.5138113603975872,0.4399901169519101,0.5177082561563311,0.18261228647030917,0.24311712557703744,0.5437249917781081,0.4983286779443901,0.6021981949824111,0.2261563651248465,0.086375,0.1075714382675967,2
