,AP,BLESS,Battig,MEN,MTurk,RG65,RW,SimLex999,WS353,WS353R,WS353S,Google,MSR,SemEval2012_2,nsubs
0,0.4975124378109453,0.63,0.3616899254444657,0.6113619926182239,0.5609306493429166,0.6985171215388593,0.21913386178936292,0.2956252503731954,0.5590380129217545,0.5312819409255227,0.5991576195456236,0.3930106426524765,0.221375,0.14860557708959063,2
0,0.5099502487562189,0.7000000000000001,0.3664691263620723,0.611837844134294,0.5564736696943513,0.6979488838379109,0.21324071344167447,0.3073739383990706,0.5387900246134723,0.4931619206637601,0.5699927699915348,0.39459680720425705,0.2205,0.1400514499296023,2
0,0.5074626865671642,0.63,0.36302810170139554,0.6026704315335961,0.5479744666330971,0.6963534472160174,0.2203186548725444,0.28282806314619285,0.5402429057918275,0.4967666524849485,0.5852207521861562,0.4012996316004912,0.22075,0.150490615887648,2
0,0.4925373134328358,0.59,0.35519021219652075,0.603458229468024,0.5499566156208325,0.6696681305676351,0.220732783071365,0.29354333344122896,0.5470769445708714,0.5004459985803639,0.5867951949990245,0.389428980761359,0.221625,0.15861663269305543,2
0,0.5298507462686567,0.6,0.3634104377748041,0.6052898759814789,0.5500845453288385,0.6295636620583955,0.2157243716085129,0.28727092226489176,0.5492377830598701,0.5114641647232224,0.5790147935451828,0.4023229635693819,0.22675,0.13693030777747867,2
