,AP,BLESS,Battig,ESSLI_1a,ESSLI_2b,ESSLI_2c,MEN,MTurk,RG65,RW,SimLex999,WS353,WS353R,WS353S,Google,MSR,SemEval2012_2
0,0.559701492537,0.745,0.326706174728,0.75,0.625,0.688888888889,0.684640862761,0.512082568674,0.784911107379,0.263984980664,0.362387645469,0.606497088235,0.516015635451,0.723104919578,0.660560785919,0.39975,0.157540275635
