,AP,BLESS,Battig,ESSLI_1a,ESSLI_2b,ESSLI_2c,MEN,MTurk,RG65,RW,SimLex999,WS353,WS353R,WS353S,Google,MSR,SemEval2012_2
0,0.621890547264,0.785,0.424393041483,0.795454545455,0.75,0.533333333333,0.741160030987,0.680152760855,0.787184058183,0.290928154499,0.343579938662,0.612195113365,0.524890984623,0.755623681937,0.711983217356,0.44025,0.184770784455
