,AP,BLESS,Battig,ESSLI_1a,ESSLI_2b,ESSLI_2c,MEN,MTurk,RG65,RW,SimLex999,WS353,WS353R,WS353S,Google,MSR,SemEval2012_2,nsubs
0,0.490049751244,0.61,0.349072835022,0.659090909091,0.7,0.6,0.576260615931,0.572239990891,0.466588718367,0.0439575483025,0.231603789131,0.495346721989,0.479745974201,0.560100821653,0.0391936144085,0.032375,0.147384476085,1
0,0.490049751244,0.61,0.329573695278,0.659090909091,0.725,0.6,0.576260615931,0.572239990891,0.466588718367,0.0439575483025,0.231603789131,0.495346721989,0.479745974201,0.560100821653,0.0391936144085,0.032375,0.147384476085,1
0,0.490049751244,0.61,0.344675970178,0.659090909091,0.7,0.6,0.576260615931,0.572239990891,0.466588718367,0.0439575483025,0.231603789131,0.495346721989,0.479745974201,0.560100821653,0.0391936144085,0.032375,0.147384476085,1
0,0.490049751244,0.61,0.341808449627,0.704545454545,0.7,0.6,0.576260615931,0.572239990891,0.466588718367,0.0439575483025,0.231603789131,0.495346721989,0.479745974201,0.560100821653,0.0391936144085,0.032375,0.147384476085,1
0,0.490049751244,0.61,0.350219843242,0.659090909091,0.7,0.6,0.576260615931,0.572239990891,0.466588718367,0.0439575483025,0.231603789131,0.495346721989,0.479745974201,0.560100821653,0.0391936144085,0.032375,0.147384476085,1
0,0.465174129353,0.535,0.300898489773,0.613636363636,0.65,0.555555555556,0.604189133113,0.542320938089,0.621586478949,0.185390829688,0.209694113961,0.545989059336,0.505979828095,0.608602093781,0.037402783463,0.029375,0.108612505899,10
