,Google,MSR,SemEval2012_2
0,0.18619525174,0.02925,0.11593440522
