,Google,MSR,SemEval2012_2
0,0.61809250921,0.380125,0.162678705195
