,AP,BLESS,Battig,ESSLI_1a,ESSLI_2b,ESSLI_2c,MEN,MTurk,RG65,RW,SimLex999,WS353,WS353R,WS353S,Google,MSR,SemEval2012_2
0,0.644278606965,0.82,0.410437774804,0.75,0.825,0.644444444444,0.737464696981,0.633181997885,0.769524978861,0.375743935431,0.370500357109,0.587771121953,0.561913537645,0.643306574048,0.718481375358,0.616375,0.169958966949
