,Google,MSR,SemEval2012_2
0,0.647973802702,0.401625,0.188393458962
