,Google,MSR,SemEval2012_2
0,0.670897708345,0.519346822861,0.17928700376
