,AP,BLESS,Battig,ESSLI_1a,ESSLI_2b,ESSLI_2c,MEN,MTurk,RG65,RW,SimLex999,WS353,WS353R,WS353S,Google,MSR,SemEval2012_2
0,0.350746268657,0.41,0.2192697381,0.636363636364,0.675,0.577777777778,0.396776729195,0.454745184266,0.29074100522,0.0321273792262,0.115026557442,0.351127021446,0.327869931324,0.435634928775,0.275532132624,0.23,0.114485566223
