,AP,BLESS,Battig,ESSLI_1a,ESSLI_2b,ESSLI_2c,MEN,MTurk,RG65,RW,SimLex999,WS353,WS353R,WS353S,Google,MSR,SemEval2012_2
0,0.363184079602,0.455,0.215446377366,0.659090909091,0.625,0.533333333333,0.41996755161,0.446733332474,0.0751603635985,0.0264091561859,0.143388646492,0.357965006262,0.371719877911,0.406876883529,0.273229635694,0.239125,0.125174857517
