,AP,BLESS,Battig,ESSLI_1a,ESSLI_2b,ESSLI_2c,MEN,MTurk,RG65,RW,SimLex999,WS353,WS353R,WS353S,Google,MSR,SemEval2012_2
0,0.353233830846,0.425,0.223093098834,0.681818181818,0.625,0.533333333333,0.369085601169,0.507865711057,0.270328158578,0.0242546952047,0.100384808904,0.361032544066,0.364976472273,0.400231252392,0.303673761768,0.24475,0.0844062121768
