,AP,BLESS,Battig,ESSLI_1a,ESSLI_2b,ESSLI_2c,MEN,MTurk,RG65,RW,SimLex999,WS353,WS353R,WS353S,Google,MSR,SemEval2012_2
0,0.330845771144,0.43,0.192888549035,0.545454545455,0.55,0.6,0.42733252713,0.407902351004,0.0345532232769,0.135128122784,0.181013303974,0.397241985096,0.389762659268,0.424690617939,0.285407286124,0.260375,0.123145943244
