,AP,BLESS,Battig,ESSLI_1a,ESSLI_2b,ESSLI_2c,MEN,MTurk,RG65,RW,SimLex999,WS353,WS353R,WS353S,Google,MSR,SemEval2012_2
0,0.450248756219,0.63,0.28828139935,0.681818181818,0.7,0.555555555556,0.553889594466,0.580511001874,0.180087640608,0.0474660947462,0.165977336877,0.440007592502,0.490250089238,0.440552624088,0.432715923045,0.31475,0.136447847827
