embedding dimension, vocabulary threshold, average intersect rate
250, 5, 0.231047284095
200, 40, 0.559359124658
250, 25, 0.47458968347
50, 30, 0.480295037124
250, 30, 0.493434935522
150, 15, 0.506291520125
50, 50, 0.51874755764
200, 30, 0.530734661977
200, 25, 0.513257131692
150, 25, 0.567291910903
200, 50, 0.577002735444
