,AP,BLESS,Battig,ESSLI_1a,ESSLI_2b,ESSLI_2c,MEN,MTurk,RG65,RW,SimLex999,WS353,WS353R,WS353S,Google,MSR,SemEval2012_2
0,0.363184079602,0.445,0.21869623399,0.590909090909,0.675,0.488888888889,0.403183636747,0.511010649712,0.312202906079,0.0272586117721,0.116284879253,0.32720109959,0.341997525487,0.382997083008,0.281006958657,0.2495,0.123251050119
