,AP,BLESS,Battig,ESSLI_1a,ESSLI_2b,ESSLI_2c,MEN,MTurk,RG65,RW,SimLex999,WS353,WS353R,WS353S,Google,MSR,SemEval2012_2
0,0.353233830846,0.46,0.226151787421,0.636363636364,0.625,0.577777777778,0.362022314488,0.425221089054,0.321688104625,0.0098234272531,0.103120928242,0.383361813041,0.363847134614,0.465001230383,0.263917314777,0.249875,0.0662059751584
