,AP,BLESS,Battig,ESSLI_1a,ESSLI_2b,ESSLI_2c,MEN,MTurk,RG65,RW,SimLex999,WS353,WS353R,WS353S,Google,MSR,SemEval2012_2
0,0.522388059701,0.735,0.37411584783,0.75,0.65,0.577777777778,0.705744408094,0.557140985572,0.734753202622,0.272368752515,0.37148233174,0.584260849355,0.493224536663,0.687438717454,0.670794105608,0.420375,0.162509166306
