,AP,BLESS,Battig,ESSLI_1a,ESSLI_2b,ESSLI_2c,MEN,MTurk,RG65,RW,SimLex999,WS353,WS353R,WS353S,Google,MSR,SemEval2012_2
0,0.537313432836,0.755,0.412731791245,0.704545454545,0.65,0.577777777778,0.692128501295,0.669393466285,0.746380220196,0.235756490098,0.324085603688,0.521683514672,0.415112015308,0.663645708229,0.682357756856,0.422,0.159689859933
