,AP,BLESS,Battig,ESSLI_1a,ESSLI_2b,ESSLI_2c,MEN,MTurk,RG65,RW,SimLex999,WS353,WS353R,WS353S,Google,MSR,SemEval2012_2
0,0.599502487562,0.8,0.428598738291,0.727272727273,0.75,0.555555555556,0.721584864746,0.673804249095,0.761416663975,0.28177981613,0.321664690691,0.598161073352,0.512627997423,0.730588337782,0.700163733115,0.43925,0.182544890609
