,AP,BLESS,Battig,ESSLI_1a,ESSLI_2b,ESSLI_2c,MEN,MTurk,RG65,RW,SimLex999,WS353,WS353R,WS353S,Google,MSR,SemEval2012_2
0,0.574626865672,0.71,0.344867138214,0.818181818182,0.65,0.577777777778,0.700115993072,0.545018122766,0.748390907445,0.27942347493,0.389028364628,0.603376760627,0.505874093294,0.723020280132,0.678776094965,0.430375,0.163343714402
