,AP,BLESS,Battig,ESSLI_1a,ESSLI_2b,ESSLI_2c,MEN,MTurk,RG65,RW,SimLex999,WS353,WS353R,WS353S,Google,MSR,SemEval2012_2
0,0.5,0.67,0.319250621296,0.613636363636,0.55,0.6,0.670452890592,0.506728811925,0.680508357478,0.277135312502,0.358497161749,0.577088938332,0.468076901626,0.711735259658,0.654216127712,0.40025,0.150725256485
