,AP,BLESS,Battig,ESSLI_1a,ESSLI_2b,ESSLI_2c,MEN,MTurk,RG65,RW,SimLex999,WS353,WS353R,WS353S,Google,MSR,SemEval2012_2
0,0.611940298507,0.785,0.437010131906,0.795454545455,0.75,0.577777777778,0.736930711921,0.685509817377,0.777349174897,0.293563607837,0.338857410347,0.605100545544,0.512516263484,0.740364193883,0.715104379861,0.46175,0.183485555368
