,AP,BLESS,Battig,ESSLI_1a,ESSLI_2b,ESSLI_2c,MEN,MTurk,RG65,RW,SimLex999,WS353,WS353R,WS353S,Google,MSR,SemEval2012_2
0,0.594527363184,0.82,0.433951443319,0.795454545455,0.7,0.577777777778,0.735794758919,0.694202184144,0.756630354109,0.299197163346,0.340670743505,0.611202883288,0.514427738711,0.753852709106,0.660765452313,0.439625,0.181260371604
