,AP,BLESS,Battig,ESSLI_1a,ESSLI_2b,ESSLI_2c,MEN,MTurk,RG65,RW,SimLex999,WS353,WS353R,WS353S,Google,MSR,SemEval2012_2
0,0.370646766169,0.465,0.20588797553,0.477272727273,0.525,0.555555555556,0.44427538514,0.471287206232,0.370097585687,0.134802551563,0.184166179823,0.509329881906,0.475755422841,0.570308482389,0.314623413835,0.249,0.0926447032857
