,AP,BLESS,Battig,ESSLI_1a,ESSLI_2b,ESSLI_2c,MEN,MTurk,RG65,RW,SimLex999,WS353,WS353R,WS353S,Google,MSR,SemEval2012_2
0,0.34328358209,0.42,0.213534696999,0.522727272727,0.575,0.533333333333,0.441239332156,0.453501930874,0.215121680401,0.152325802682,0.184518090827,0.389028327977,0.414264637118,0.366313787311,0.301627097831,0.26525,0.0846400802365
