,AP,BLESS,Battig,ESSLI_1a,ESSLI_2b,ESSLI_2c,MEN,MTurk,RG65,RW,SimLex999,WS353,WS353R,WS353S,Google,MSR,SemEval2012_2
0,0.432835820896,0.62,0.290957751864,0.704545454545,0.725,0.511111111111,0.537945209912,0.626814702795,0.566926383177,0.0487599572594,0.203370705028,0.48663340323,0.47584878442,0.542166583625,0.409588620549,0.311125,0.153597494059
