,AP,BLESS,Battig,ESSLI_1a,ESSLI_2b,ESSLI_2c,MEN,MTurk,RG65,RW,SimLex999,WS353,WS353R,WS353S,Google,MSR,SemEval2012_2
0,0.355721393035,0.475,0.218887402026,0.636363636364,0.75,0.533333333333,0.370662234232,0.510176568322,0.307788136248,0.0419505802084,0.0681344387757,0.392546147811,0.394262387434,0.433983742279,0.281927957429,0.232,0.102288871597
