,AP,BLESS,Battig,ESSLI_1a,ESSLI_2b,ESSLI_2c,MEN,MTurk,RG65,RW,SimLex999,WS353,WS353R,WS353S,Google,MSR,SemEval2012_2
0,0.385572139303,0.47,0.218887402026,0.704545454545,0.7,0.511111111111,0.38554629914,0.461862543418,0.29836850359,0.0459072878328,0.157314602932,0.3713599759,0.393460752668,0.397377181556,0.290626279165,0.248125,0.125592548128
