,AP,BLESS,Battig,ESSLI_1a,ESSLI_2b,ESSLI_2c,MEN,MTurk,RG65,RW,SimLex999,WS353,WS353R,WS353S,Google,MSR,SemEval2012_2
0,0.402985074627,0.46,0.222328426687,0.704545454545,0.675,0.577777777778,0.37536410651,0.512077999756,0.254592345321,0.0327377104887,0.101114189972,0.405581819397,0.430071239925,0.443731624326,0.258033155956,0.2385,0.107087306263
