,AP,BLESS,Battig,ESSLI_1a,ESSLI_2b,ESSLI_2c,MEN,MTurk,RG65,RW,SimLex999,WS353,WS353R,WS353S,Google,MSR,SemEval2012_2
0,0.370646766169,0.425,0.22213725865,0.613636363636,0.7,0.533333333333,0.308873666358,0.489041514478,0.330976605506,0.0597009026627,0.132361666399,0.35067714864,0.3521818115,0.403072412126,0.261768317642,0.238625,0.107084358151
