,AP,BLESS,Battig,ESSLI_1a,ESSLI_2b,ESSLI_2c,MEN,MTurk,RG65,RW,SimLex999,WS353,WS353R,WS353S,Google,MSR,SemEval2012_2
0,0.380597014925,0.41,0.227298795641,0.636363636364,0.65,0.533333333333,0.373043111844,0.53503351365,0.413983020437,0.0879939815944,0.118355482073,0.416161196372,0.410569543286,0.457617514579,0.268368808842,0.2585,0.0920378148719
