,AP,BLESS,Battig,ESSLI_1a,ESSLI_2b,ESSLI_2c,MEN,MTurk,RG65,RW,SimLex999,WS353,WS353R,WS353S,Google,MSR,SemEval2012_2
0,0.350746268657,0.415,0.223857770981,0.522727272727,0.675,0.511111111111,0.381188011919,0.489422511486,0.140332856838,0.0353692379514,0.128778252488,0.373088671497,0.396929754001,0.430185726427,0.292161277118,0.248125,0.102612864386
