,AP,BLESS,Battig,ESSLI_1a,ESSLI_2b,ESSLI_2c,MEN,MTurk,RG65,RW,SimLex999,WS353,WS353R,WS353S,Google,MSR,SemEval2012_2
0,0.330845771144,0.42,0.226534123495,0.659090909091,0.65,0.511111111111,0.364668544218,0.508107102232,0.230245545365,0.0570678091767,0.106574434484,0.442915806037,0.4835066836,0.44787752265,0.278653295129,0.247875,0.0965087470077
