,AP,BLESS,Battig,ESSLI_1a,ESSLI_2b,ESSLI_2c,MEN,MTurk,RG65,RW,SimLex999,WS353,WS353R,WS353S,Google,MSR,SemEval2012_2
0,0.328358208955,0.455,0.217358057733,0.568181818182,0.575,0.511111111111,0.396245007691,0.47456946626,0.346253457543,0.0267818071332,0.0915276046361,0.350722436017,0.390542547159,0.33857213271,0.276146131805,0.2415,0.0935437461872
