,AP,BLESS,Battig,ESSLI_1a,ESSLI_2b,ESSLI_2c,MEN,MTurk,RG65,RW,SimLex999,WS353,WS353R,WS353S,Google,MSR,SemEval2012_2
0,0.452736318408,0.625,0.281590518065,0.659090909091,0.5,0.6,0.0505157951423,-0.0363025929346,-0.0238222728475,0.018244445406,0.0364962523667,-0.0522898021201,-0.00465289364833,-0.119602711107,0.000153499795334,0.0,-0.0111161766112
