,AP,BLESS,Battig,ESSLI_1a,ESSLI_2b,ESSLI_2c,MEN,MTurk,RG65,RW,SimLex999,WS353,WS353R,WS353S,Google,MSR,SemEval2012_2
0,0.619402985075,0.805,0.425540049704,0.795454545455,0.75,0.555555555556,0.740896900869,0.679093533332,0.792232631603,0.29083217043,0.343625411763,0.612570098309,0.525374290148,0.755272930331,0.712904216128,0.44075,0.184270205224
