,AP,BLESS,Battig,ESSLI_1a,ESSLI_2b,ESSLI_2c,MEN,MTurk,RG65,RW,SimLex999,WS353,WS353R,WS353S,Google,MSR,SemEval2012_2
0,0.475124378109,0.65,0.395144331868,0.704545454545,0.65,0.488888888889,0.67183319013,0.6149088636,0.566423711365,0.216036815116,0.299151064623,0.541775969128,0.457356442687,0.669188157425,0.622799836267,0.3255,0.131413586473
