,AP,BLESS,Battig,ESSLI_1a,ESSLI_2b,ESSLI_2c,MEN,MTurk,RG65,RW,SimLex999,WS353,WS353R,WS353S,Google,MSR,SemEval2012_2
0,0.549751243781,0.66,0.361881093481,0.704545454545,0.625,0.577777777778,0.649539223107,0.582617526967,0.656030425745,0.258401342434,0.283913333211,0.55672776058,0.480076676663,0.696987911985,0.610110519853,0.33125,0.132844025862
