,AP,BLESS,Battig,ESSLI_1a,ESSLI_2b,ESSLI_2c,MEN,MTurk,RG65,RW,SimLex999,WS353,WS353R,WS353S,Google,MSR,SemEval2012_2
0,0.388059701493,0.505,0.208181991971,0.659090909091,0.625,0.511111111111,0.555691303063,0.47816495101,0.601282908788,0.197465669916,0.317704751565,0.545412190901,0.485273429631,0.601949289808,0.543952108064,0.291,0.120396259865
