sample_size(of original corpus), 1/100000, 1/10000, 1/1000, 1/100, 1/10, 
KL_divergence_bigram, 11.9346796676, 10.7886786783, 10.1426072367, 9.84882653046, 9.7468787264, 
