sample_size(of original corpus), 1/100000, 1/10000, 1/1000, 1/100, 1/10, 
0.392524925145, 0.168472151046, 0.0608331958222, 0.0167355290684, 0.000840648346424,