sample_size(of original corpus),KL_divergence_word
 1/100000,0.392524925145
 1/10000, 0.168472151046
 1/1000, 0.0608331958222
 1/100, 0.0167355290684
 1/10, 0.000840648346424
