sample_size(of original corpus),KL_divergence_bigram
 1/100000, 11.9346796676
 1/10000, 10.7886786783
 1/1000, 10.1426072367
 1/100, 9.84882653046
 1/10, 9.7468787264
